ip,timestamp,method,endpoint,status,bytes_sent
198.7.3.204,1984-05-25T10:20:10.598200,GET,search/category/search,404,2875
68.122.83.65,2013-07-02T14:44:04.491446,POST,list,500,1585
155.4.115.244,2013-11-17T21:23:48.867640,GET,categories/blog,404,1709
13.252.74.64,2009-07-25T23:15:50.059690,POST,app/list/search,200,4453
80.145.40.2,1995-10-07T08:25:11.690757,GET,tags/posts/main,200,3403
89.89.245.56,2023-07-11T14:16:38.148844,POST,list,200,3637
62.144.79.123,2000-09-11T13:43:30.102041,GET,posts/list,404,662
36.53.6.125,1993-08-10T07:25:24.158417,GET,categories,404,1498
159.221.151.130,2012-05-06T18:42:46.571533,GET,categories,500,2425
216.67.128.44,2016-09-22T05:30:35.478328,GET,search/categories,200,3352
153.127.55.19,1973-09-18T10:35:04.660775,POST,posts/posts,500,3527
214.61.3.17,1985-04-27T18:50:14.521529,POST,category,500,1022
102.172.102.140,2009-02-03T13:16:55.547070,GET,blog/app,404,1333
151.90.60.185,1971-12-25T20:22:47.886336,GET,category,404,1422
66.116.234.8,1983-10-25T11:44:51.763976,GET,blog/category,500,4190
173.147.202.235,2000-01-04T22:09:34.997355,GET,tags/tag,404,3648
124.161.128.95,1979-10-05T15:18:26.292476,POST,blog/search/list,200,2286
180.221.15.66,2016-11-13T00:10:16.330660,POST,wp-content/blog,200,4870
10.244.36.176,2005-09-05T08:31:40.433617,POST,category,500,2717
54.229.172.255,2004-07-09T06:54:48.336329,POST,list,404,1914
18.172.43.135,1982-03-14T22:45:11.157485,GET,list/categories,404,4874
67.181.14.6,1997-01-13T03:06:54.106882,POST,category,200,1599
73.177.169.45,2007-12-17T10:21:32.999532,GET,main,500,4510
31.170.162.167,1980-06-12T05:50:53.844443,GET,category,500,4348
170.86.26.51,1977-12-31T08:21:20.484200,POST,blog/search,200,2713
4.114.241.71,2020-04-12T10:17:07.665009,GET,list/tag,404,689
219.132.45.111,1977-05-27T18:47:48.191480,GET,tag/categories/blog,404,3686
78.238.81.181,1978-12-20T05:34:24.656755,POST,posts,500,1920
197.129.222.97,1988-06-13T09:09:16.672257,POST,search/tags/tag,500,1077
9.84.163.9,2010-05-31T09:53:10.702963,GET,categories,500,1264
77.130.19.111,2018-08-04T14:17:20.295670,POST,wp-content/main,404,1376
163.161.108.107,1989-11-25T11:33:14.797034,POST,tag,200,1808
223.170.176.34,2003-06-12T15:44:40.122584,GET,blog,500,3499
210.152.172.131,2020-01-27T23:24:36.783955,POST,posts/blog/tag,200,930
195.149.153.141,1996-01-06T02:32:56.539065,GET,tags/list/main,404,474
7.27.183.52,1975-08-20T09:37:43.758890,GET,posts,500,2357
222.211.193.12,1988-04-21T08:39:26.716867,POST,tags/list,404,991
117.70.189.86,1981-09-26T10:50:11.618561,GET,list/category/main,500,3584
121.1.166.130,1987-10-12T01:01:04.259296,GET,list/search,200,3291
111.64.174.184,2015-11-07T05:31:17.785652,GET,category,404,1907
8.86.133.180,2014-05-28T23:15:26.796100,POST,tags,500,296
130.232.221.140,2024-11-13T09:06:09.683294,POST,category/explore/categories,500,4433
181.145.38.133,2008-08-18T14:30:11.904280,GET,categories,404,4296
168.155.143.134,1974-02-23T02:26:51.197082,GET,app,404,2884
180.148.173.234,1983-10-11T07:19:14.187929,POST,wp-content/wp-content,500,2671
209.122.106.161,1975-09-26T03:24:52.654676,POST,app/main/search,200,1908
36.101.86.151,2024-09-08T13:40:42.167283,GET,main/main,404,2242
48.77.11.36,2014-09-22T11:34:27.100338,POST,tag/categories,500,2595
135.38.107.242,1983-10-20T10:25:13.953091,GET,category/wp-content/explore,500,4694
104.111.163.70,1997-03-09T17:43:26.303208,POST,posts/list,200,156
43.26.53.144,2002-06-19T20:37:40.712042,POST,categories,200,2475
123.96.80.35,1977-03-26T09:56:18.925526,POST,tag,200,861
98.106.90.146,1977-11-30T18:20:44.953629,POST,categories,500,4923
79.192.45.59,2014-09-16T03:07:14.112122,POST,blog/tags/categories,404,4684
90.32.241.29,1988-07-27T05:55:34.477246,GET,search/posts/category,500,4473
201.62.154.100,2011-05-28T23:15:09.698340,POST,list/tags,404,333
33.38.76.36,2007-08-22T09:05:24.082745,GET,explore/tag/posts,200,3290
135.193.174.135,2001-10-15T19:28:07.484730,GET,wp-content/category,500,3997
208.165.173.27,2018-04-30T18:09:42.570615,GET,tag,500,3744
47.125.186.170,1992-08-24T02:19:21.912628,POST,search/blog/tags,404,4931
119.192.6.209,1971-10-07T20:19:13.738978,GET,app/blog/explore,404,1610
14.57.65.129,1972-08-18T03:22:33.582695,POST,search,404,2263
130.151.253.4,2006-02-26T08:11:07.518232,POST,explore/search/categories,500,1235
29.205.69.206,2013-05-15T18:23:41.046999,POST,tag,200,3660
197.202.216.67,1974-11-20T13:21:45.883729,POST,posts/blog,404,3064
35.244.7.5,2006-08-09T09:32:17.068167,GET,posts,500,712
167.60.179.193,1979-06-02T22:15:39.646971,POST,tag/search/main,404,1913
58.34.186.5,2024-04-21T05:46:38.561876,POST,list,500,2864
121.126.52.78,2001-11-27T23:24:00.054863,GET,posts,200,3956
173.8.222.32,1993-07-03T00:38:11.889763,POST,app,200,4676
109.243.185.65,1976-05-16T02:12:34.808649,GET,main,200,1857
180.243.77.147,1987-05-30T14:55:33.129076,POST,categories,404,4262
52.53.8.180,2004-05-28T10:53:01.680793,GET,list/blog/wp-content,404,3983
3.223.93.147,1990-04-04T22:12:15.763955,POST,tag/search,404,1818
146.39.251.119,2007-06-15T19:04:23.762304,POST,tag,200,1303
194.143.122.113,1986-10-25T21:16:13.947704,POST,tag/category,404,2670
214.77.226.96,2018-12-08T01:22:39.355126,POST,list,404,3360
125.41.202.254,1991-10-18T15:00:07.252516,POST,main/search,200,2461
165.21.186.10,2000-08-30T00:04:46.266199,GET,app,200,733
122.114.111.117,2019-09-11T04:17:48.134305,GET,categories/tags,404,4047
40.53.185.171,1995-04-13T17:37:07.731168,GET,tag,500,2947
181.213.141.176,1977-08-26T02:11:37.230228,POST,app,500,2536
169.147.44.211,2013-03-25T01:21:16.259593,GET,explore/list/tags,500,1312
200.220.153.151,2010-03-21T08:50:43.475583,POST,explore/category/tag,404,4195
47.133.67.221,1979-01-26T15:36:11.694774,POST,categories/categories/list,200,1675
123.44.76.158,2022-02-05T22:30:18.631357,POST,list/blog/category,404,2351
166.123.75.41,1970-09-25T07:34:14.355497,POST,main/categories,200,882
172.22.34.204,1993-02-16T20:19:40.983295,POST,blog/categories/categories,500,3396
94.177.96.142,1990-02-12T23:59:08.446929,GET,categories/category/tag,200,3586
122.248.101.205,2021-10-23T22:54:06.492806,POST,list/main,200,4144
118.81.122.41,2005-01-20T19:00:58.041037,POST,main/posts/category,200,3995
176.118.164.114,2024-02-03T18:24:19.674401,POST,search/list/category,404,4255
185.210.100.61,1976-05-23T15:43:19.364858,POST,tag,500,2103
8.225.90.138,2022-10-12T23:38:42.962084,GET,wp-content/explore/posts,500,242
6.89.14.188,2011-01-05T18:53:37.459137,POST,category,200,263
218.184.173.98,1970-05-31T17:30:06.792820,POST,tags/tags,200,170
140.50.169.131,1976-06-11T02:54:05.198355,POST,category/category/tags,500,968
132.219.254.99,2004-05-16T19:12:10.924486,POST,categories,200,1682
8.27.29.86,1981-04-10T10:58:09.333604,GET,explore,404,2298
110.2.36.201,1971-07-19T09:25:04.465502,GET,blog/tags,500,989
49.214.124.152,1984-09-08T21:29:08.253915,POST,tag/tags,500,222
172.189.35.237,2018-10-06T20:21:33.842968,GET,posts,500,3756
118.186.136.180,2022-08-31T00:46:43.034271,POST,tag/app,200,1194
141.196.113.62,1995-10-08T01:37:55.759340,GET,list/tag/categories,200,1241
161.99.189.86,1985-09-08T09:02:37.881460,POST,blog/search,200,1537
57.119.220.209,2008-11-03T04:27:30.234561,POST,tag/blog/posts,200,2125
74.26.82.181,2001-10-31T22:48:42.306172,GET,blog/category,500,543
42.70.134.86,1978-05-03T15:38:36.771388,POST,posts,404,2614
69.97.74.231,2012-12-24T14:57:55.263903,GET,tag/tag/search,404,3207
20.31.15.26,2021-08-22T12:13:59.040664,GET,search,200,1741
129.217.15.88,1994-08-17T09:57:18.346138,GET,explore/app,500,2894
22.50.166.223,2017-10-17T15:17:59.685429,GET,tag,404,3509
4.50.74.155,1983-11-27T00:14:07.354620,GET,wp-content/blog,500,3713
203.8.129.164,2013-03-04T11:02:34.202989,GET,tags/category,200,3183
189.232.59.72,2000-12-28T03:28:52.568408,POST,posts/explore/posts,404,1206
209.170.137.199,1995-02-26T02:52:15.699009,POST,search,200,4071
36.56.17.114,1988-01-24T18:32:53.248138,POST,app/wp-content,200,3070
69.102.200.156,1992-04-01T17:22:46.737648,GET,main/blog/blog,500,4242
210.141.111.115,2002-02-15T06:12:39.687934,GET,posts/category/list,200,210
67.54.59.82,2000-01-28T04:51:18.889857,GET,explore/wp-content,200,2228
26.242.178.164,1970-10-10T16:25:21.195231,GET,category,404,2668
151.128.127.187,2004-08-23T15:14:47.364526,POST,explore/wp-content,404,1216
19.108.111.237,1975-01-01T21:36:22.196629,POST,categories/search,404,599
142.246.218.54,2010-01-08T08:14:28.847967,POST,main/app,404,3035
201.138.255.211,2008-03-17T20:34:06.940476,GET,categories/tag,200,938
77.33.201.16,2022-10-16T01:48:51.628327,GET,category/wp-content,200,998
206.123.67.168,2005-01-08T02:13:41.349510,POST,search/blog/explore,500,3062
173.171.50.108,1987-10-05T08:55:10.307187,GET,app/app/blog,200,4582
162.191.255.207,1990-04-23T20:58:21.521451,POST,blog/tag,404,678
118.110.114.161,1974-02-04T08:20:10.472021,POST,explore,500,339
153.100.57.1,2010-10-01T04:55:58.897140,GET,category,500,4602
92.210.231.59,1995-10-29T19:44:13.740540,GET,posts/app/explore,404,2427
86.201.209.253,1999-02-16T06:31:38.694231,POST,wp-content,200,3625
218.119.81.220,1996-05-17T08:00:14.983010,GET,blog/main,200,4739
193.33.42.216,2013-05-27T00:59:27.932315,POST,tags/blog,200,3963
54.153.252.60,1972-12-18T14:23:09.267982,POST,category/explore/tags,404,1387
202.23.183.53,1994-05-30T12:52:35.207272,POST,list/explore/list,404,735
130.199.240.6,1979-06-08T22:31:14.870221,GET,wp-content/categories,404,1117
159.151.134.26,2006-04-07T14:24:30.510683,POST,blog,500,1913
181.76.215.239,1977-11-13T10:55:22.346566,POST,blog/category/app,200,3594
90.248.188.250,2015-06-15T13:45:32.303313,GET,main/main/blog,404,604
161.241.199.119,1971-11-29T14:56:10.682730,GET,tags/wp-content,500,4169
144.233.223.31,2018-04-19T11:29:54.049618,GET,posts/wp-content/blog,500,3283
158.242.0.196,1981-08-10T04:25:45.912440,GET,posts,200,3219
73.81.216.59,1978-04-27T20:09:20.380252,GET,tags,200,2086
126.131.196.200,2021-07-27T09:51:52.823355,POST,categories,500,516
161.22.190.254,2022-08-23T23:17:41.205257,POST,main,200,3023
216.251.107.100,1970-03-31T08:33:36.973909,POST,search/explore,404,2857
6.58.148.241,1984-06-30T22:08:21.394456,GET,main,500,2691
182.195.209.104,2000-12-20T02:22:31.309799,GET,category/tags/tag,500,3926
193.10.222.89,2007-07-01T10:36:39.436267,GET,explore/app,200,3714
65.144.114.183,2003-08-26T03:38:47.353654,POST,wp-content/blog,404,1217
35.37.59.144,1983-05-21T11:21:48.695010,GET,tag/explore,200,1347
8.235.128.123,2020-03-08T13:26:01.635149,POST,blog,200,4100
117.80.245.73,2024-03-04T16:01:12.662442,POST,search/category,200,1426
91.54.171.134,1977-12-20T14:06:25.087943,GET,categories/tags/tags,200,3939
78.69.25.27,2023-07-22T16:20:40.605569,GET,blog/main/wp-content,404,2206
148.85.168.97,2014-04-30T03:54:21.975488,GET,search/category/list,500,4651
121.35.125.160,1983-04-18T20:32:31.334421,GET,app/list/wp-content,500,2482
167.163.72.88,1999-06-09T09:37:23.182293,GET,wp-content/search/category,404,625
117.180.244.171,1983-11-11T18:29:55.438468,POST,tag,200,2702
219.1.77.116,1990-05-01T13:27:59.031898,GET,category/list/main,200,2536
137.201.214.220,2023-07-13T13:56:16.077665,POST,category,200,4503
202.126.81.67,2013-06-19T15:43:44.115788,POST,wp-content/tag/wp-content,200,1278
180.25.185.195,2011-02-28T15:08:52.548768,GET,tags/tag/wp-content,500,317
102.102.196.200,1989-01-24T04:15:23.235564,POST,posts/categories/explore,500,1438
118.200.250.26,2001-02-12T18:34:53.898309,POST,category/blog,404,4229
45.233.106.79,1997-02-05T06:58:44.394463,GET,search/posts,500,1321
53.229.91.58,1994-06-26T06:29:31.542212,GET,category/main,200,4036
41.153.50.242,1996-04-17T23:03:24.087662,GET,explore/search/tags,500,3311
171.227.164.116,1982-11-17T20:06:28.374292,GET,tag/list,200,1394
199.30.25.241,1972-10-26T14:44:04.517637,POST,list/tag/main,404,1052
7.222.245.174,2015-08-16T14:45:13.683844,GET,categories/main/category,200,1906
195.88.145.32,1991-07-30T10:19:28.384052,POST,wp-content/categories,500,766
62.7.28.52,2013-12-12T08:16:36.242707,GET,categories,404,4162
71.24.34.8,1994-06-05T21:37:24.061921,GET,explore,404,336
200.5.109.69,2004-06-07T14:07:10.154559,POST,blog/search/list,200,938
142.203.74.23,1979-02-22T06:52:03.294152,GET,blog/search,500,3479
31.126.43.188,2007-02-17T22:01:56.044071,POST,tags/categories/tags,404,2654
146.173.221.42,2015-06-17T07:25:29.816435,POST,tag/app,500,4314
15.167.54.187,2020-10-07T13:15:18.765321,GET,app,500,3910
178.245.199.96,1983-11-24T04:55:14.035524,GET,blog/app/tag,404,1853
47.236.55.216,1973-01-08T08:15:28.402954,GET,main/search/search,500,4482
217.210.14.246,2011-07-18T16:51:46.282314,GET,posts/list,404,3603
60.13.26.230,2002-10-26T14:17:30.320552,POST,tag/blog,500,3221
50.28.200.41,1973-10-29T23:12:32.001955,GET,search,200,3987
102.5.134.13,2022-11-13T20:20:38.762347,POST,blog/explore/search,404,148
149.228.93.44,2022-12-17T11:23:09.240631,POST,tags,404,1613
20.109.107.141,1971-08-23T06:53:43.567723,POST,list/explore/blog,200,899
194.209.143.109,1999-05-25T13:23:34.856661,POST,main,200,666
137.59.83.22,1972-09-04T08:24:13.645039,GET,app,404,2469
33.227.127.207,2005-03-09T05:08:48.986623,GET,list,404,2386
29.39.119.64,2001-07-23T12:21:49.160169,GET,explore/wp-content/app,500,3690
157.142.2.41,1987-09-17T04:41:40.348157,POST,tag,200,450
129.245.229.45,1979-10-24T01:58:34.544797,POST,category,404,2900
22.236.201.161,1973-01-29T20:31:54.364798,POST,tags/tags/posts,404,998
187.138.219.154,1970-02-08T21:47:40.386599,GET,posts,500,1957
148.46.169.10,2004-11-18T06:00:38.586760,POST,wp-content/tag,404,4960
46.255.127.232,1992-09-11T07:36:36.608538,POST,wp-content,500,2599
57.119.66.117,2006-10-11T23:37:40.241158,GET,categories,500,1387
171.85.246.46,2025-05-23T09:22:49.548091,POST,posts/blog,500,1182
67.69.180.6,1982-09-22T13:52:16.961237,POST,posts/app/search,404,740
24.186.130.162,1971-05-27T17:20:38.439171,POST,search/tag,500,547
188.95.111.59,1996-11-11T08:18:52.164656,POST,tag,200,4273
59.8.184.138,1972-06-03T09:06:49.994856,GET,posts,200,1803
22.255.90.155,2015-12-29T19:49:56.261058,POST,wp-content/main,500,499
57.223.12.103,2007-02-18T11:38:44.465843,POST,wp-content,500,3207
22.109.201.22,1977-06-01T05:41:10.432455,POST,blog/posts/search,404,2899
123.92.96.198,2008-10-29T19:08:30.763977,GET,main,404,3255
130.95.56.141,1994-08-02T19:51:28.167886,POST,search,404,3344
38.198.90.116,1998-01-24T02:29:40.282551,GET,search/list/search,404,745
46.36.220.63,1978-10-18T20:13:56.115676,POST,search,404,3251
160.150.226.133,1976-03-22T01:17:27.759229,POST,tags/category/app,200,2398
125.157.246.2,2022-10-22T03:34:57.934840,POST,categories/categories/wp-content,200,1094
46.231.244.8,1990-03-22T07:53:06.819392,GET,search,404,1432
140.29.217.94,2011-02-02T10:04:41.193557,GET,main/main/categories,500,3955
96.185.3.6,2003-10-21T12:18:31.819002,POST,explore/wp-content/blog,404,2118
34.213.101.222,1973-07-09T22:27:01.527605,POST,explore/tag/posts,404,648
98.154.183.8,2012-08-18T03:50:36.236274,POST,list,404,2020
111.70.162.246,2020-10-17T05:19:29.196484,GET,tag/blog/tags,500,1549
167.42.143.213,2016-07-18T15:31:33.524151,GET,blog/main/app,500,1904
193.85.215.86,1971-11-21T08:36:31.907036,POST,main/tag,404,4337
15.161.120.29,1984-02-19T15:55:43.860969,POST,wp-content/wp-content/blog,404,1038
159.26.96.0,1989-11-10T16:59:38.156863,GET,categories,500,3389
112.133.135.150,1993-05-08T01:19:51.655479,POST,category/tag/main,500,2062
118.177.222.4,2008-01-08T22:55:25.360425,GET,wp-content/tag/main,404,1278
27.18.180.217,1970-12-10T09:36:02.886789,POST,wp-content,200,3443
154.43.81.232,2010-11-29T20:45:49.511549,POST,app,200,4921
77.156.94.129,2012-01-04T16:55:23.594629,GET,tags/explore,500,511
10.81.157.109,2014-01-12T13:20:09.020115,POST,app,404,3080
110.141.141.113,1995-09-15T04:41:13.455944,GET,category,500,500
37.36.147.32,1974-04-12T12:48:58.635839,POST,app/blog/search,200,2062
95.81.234.247,1989-12-20T11:36:05.403418,POST,categories/tags/tags,404,3351
60.205.129.175,1970-11-14T20:43:30.112889,POST,explore,404,3977
87.11.119.33,2013-01-15T04:55:13.290169,POST,category,200,4167
113.99.6.159,2007-08-31T15:05:43.009263,POST,category/tag,404,2990
180.80.234.145,2005-11-02T14:07:54.872847,POST,blog/blog/categories,500,4945
173.76.191.213,2001-03-21T06:32:19.862764,POST,categories,200,340
5.142.199.191,2010-07-05T11:10:10.111181,GET,categories/posts,500,3705
20.152.233.170,1971-03-23T13:09:45.047687,GET,tags/main/blog,404,1343
70.177.80.81,1999-01-18T10:57:06.348724,GET,blog,404,3206
170.8.4.78,2005-05-03T04:18:59.870165,POST,main/tag,404,349
130.112.171.204,1983-05-05T05:01:40.468321,POST,list/tag,500,1029
51.135.104.212,2011-12-21T06:35:04.177960,POST,tag,200,4484
39.252.244.130,2008-08-10T01:22:45.104780,POST,categories/blog,500,4515
187.246.214.236,2024-03-15T08:03:11.798245,POST,blog,404,4829
21.36.31.33,1971-12-07T13:39:59.409633,POST,tags,500,615
124.147.113.98,1983-05-06T21:59:03.524620,GET,wp-content/category/posts,500,2836
117.243.211.194,2021-12-08T14:54:22.297664,POST,list,200,1025
140.114.39.86,1995-05-10T07:10:52.436584,GET,categories/app/posts,500,4455
2.208.236.156,2011-02-04T03:57:14.407007,GET,list/main/explore,404,134
97.199.36.61,2010-11-26T04:35:38.192878,GET,list/tags/categories,200,1811
6.236.235.242,2000-12-19T00:01:56.643815,GET,categories/explore,404,960
170.26.154.157,2006-04-15T04:14:18.358992,GET,categories/blog,500,2232
160.55.148.36,2022-07-10T14:40:57.342152,GET,search/category/wp-content,500,1643
9.30.243.154,2024-12-16T02:31:58.806768,POST,main/categories/posts,500,3329
212.143.241.248,2004-04-29T02:21:15.217828,POST,blog/main/app,404,3310
105.93.13.251,1983-08-20T12:53:54.786106,POST,explore,500,480
16.174.65.238,2001-04-18T05:06:57.310326,POST,posts/categories/explore,404,4494
166.87.178.122,2012-11-03T20:18:26.545995,GET,posts,500,834
72.29.168.5,2013-12-07T08:10:35.469038,GET,explore/category/explore,500,653
182.158.4.67,2003-02-16T09:03:23.054290,POST,list,500,2580
1.80.84.35,1976-09-25T20:17:55.776494,GET,explore/posts/category,500,3757
216.99.183.196,1995-01-07T11:05:11.083985,GET,search,404,1735
20.164.25.128,1994-04-21T21:04:56.906537,GET,blog,500,1739
85.96.230.206,1971-01-09T15:54:11.265673,POST,app/list,200,3861
158.42.154.47,2020-12-13T18:35:12.651081,GET,categories,200,4222
70.173.204.3,2001-12-18T18:13:39.046222,GET,search/blog/categories,500,1485
166.21.196.229,2024-08-25T19:09:27.286638,POST,search/category/app,404,3545
216.236.184.239,2024-02-03T03:53:35.813101,POST,main,200,294
68.199.89.116,1989-02-01T03:06:11.931531,GET,tag/category/wp-content,500,106
31.228.79.225,1991-09-07T21:59:28.296050,GET,app/tag/explore,404,1791
204.223.57.173,1991-12-29T13:06:22.611990,POST,app/posts/posts,200,2276
68.117.3.206,2021-06-16T10:52:06.697735,POST,tag/search/tag,404,116
102.164.139.13,1998-10-20T17:20:44.175541,POST,main/list,200,258
192.110.176.88,1985-01-14T11:17:39.414407,GET,tag/main/list,404,4798
162.149.110.151,1986-10-10T09:48:34.349566,GET,blog/search/app,404,644
215.228.91.24,1991-12-08T23:30:02.683780,POST,app/posts/app,404,4292
169.214.150.211,2005-08-22T14:59:32.088188,POST,explore,200,4194
176.138.37.23,2016-12-23T16:30:29.803862,GET,explore,500,515
81.218.86.61,1972-06-30T01:48:40.430907,POST,categories/list/explore,500,2972
44.61.75.219,2000-07-27T08:09:17.369829,POST,search/main,200,4090
120.22.186.124,1991-10-06T18:44:33.833450,GET,wp-content/tag,404,2452
179.106.7.19,1970-08-19T00:33:36.477386,POST,search,404,372
91.29.192.156,1997-07-10T03:37:05.507820,POST,categories/blog,500,1336
184.115.250.198,2006-11-04T15:30:04.743658,GET,category/explore/posts,500,1762
61.112.80.52,1979-01-20T17:55:20.640325,GET,list/blog/tags,200,4556
83.4.103.120,1977-07-02T01:29:33.989016,GET,tags,200,515
155.80.231.81,1998-05-13T13:55:09.260818,GET,categories/category/main,404,3235
134.110.4.93,2005-11-22T15:36:27.745772,GET,list,404,3590
187.187.249.144,1972-07-22T20:21:12.714139,GET,search,500,1621
163.197.27.175,2022-08-24T11:48:26.497030,POST,search/explore/posts,404,1028
212.106.185.32,2019-03-05T21:32:31.430690,GET,main,500,3024
52.34.26.251,1986-09-01T10:37:21.937016,POST,posts,500,1133
123.105.111.215,1991-11-19T12:00:11.763344,GET,app/categories,200,2972
190.136.43.62,1972-02-07T18:58:59.049609,GET,main/explore,404,3382
14.103.113.29,1989-09-29T05:12:54.078388,GET,tags/tags,404,1781
38.224.143.224,2020-05-17T16:30:00.066148,GET,explore,404,4530
223.21.95.65,2005-08-14T23:38:35.663373,POST,search/blog/posts,500,2526
161.192.11.209,1991-04-26T03:33:11.509308,GET,search/main,500,376
